{
  "I": 16,
  "J": 24,
  "Y": [
    [
      1.1371435163732493,
      1.2709024305293535,
      -0.6667293031573903,
      2.688734810390829,
      0.7979411266634988,
      0.23871629403077385,
      4.235958841371742,
      3.786347649558265,
      4.8015696372114425,
      2.7357315045814596,
      5.255003572471981,
      4.139194602234268,
      4.485332412811243,
      3.4778745179805033,
      5.26659226341919,
      1.6902118364683485,
      1.200545341157019,
      1.8789091940980036,
      2.372115819212939,
      1.3053094446770759,
      -0.5102646324629182,
      2.2544030655861063,
      2.119342137647036,
      2.2753438910956745
    ],
    [
      6.661815155418014,
      5.233069471529411,
      6.517555408512238,
      4.08829727734098,
      3.0816891459821,
      3.485896918757115,
      5.300215977180001,
      1.6737437653613971,
      0.7347578572892722,
      0.5945938255627665,
      0.3563717291684839,
      1.2677908425152327,
      3.6024712953768216,
      4.797720519439171,
      5.344167471299614,
      8.349096051546303,
      5.957619958783724,
      6.813355406953504,
      6.463614193668407,
      7.992502239930996,
      5.0847792199748545,
      2.39028432155603,
      6.1163205166738654,
      0.42182891913492193
    ],
    [
      1.4355413982398137,
      1.9015268580969442,
      2.894100879493139,
      4.495418992295569,
      4.449802671849915,
      4.369908180005108,
      5.755175755081314,
      7.465538049163062,
      7.995402033219924,
      9.086448697472186,
      10.01657383060626,
      9.854565880462555,
      7.502576366623268,
      8.15296551228959,
      5.160796885521603,
      4.499150123689412,
      3.18338007325555,
      2.2999546366187706,
      4.36306036208388,
      4.865736871097724,
      5.14118833867777,
      7.130472062431711,
      9.891456478823681,
      9.006205973716206
    ],
    [
      10.390422822546217,
      11.702350796789382,
      9.327374568646977,
      11.4307842950778,
      8.712696254187088,
      5.534734089074905,
      7.7431979445809125,
      6.283951268669337,
      4.086439232505089,
      3.3936483339375263,
      3.5921105615470204,
      5.515263055220453,
      5.97645295429324,
      8.176990430912351,
      9.26673687357524,
      11.698491984190989,
      12.56708358488268,
      13.57919861934464,
      13.377984231300863,
      13.620003541930348,
      10.017214944131808,
      9.491528178873923,
      7.541659392654784,
      4.2818052948173335
    ],
    [
      2.645523398574536,
      3.9128288145297394,
      6.073101121651987,
      6.228811869087319,
      10.049120535974305,
      9.266653369635359,
      11.50035917591112,
      10.828529568478187,
      11.528428811274976,
      11.126348151242615,
      10.58188947163746,
      10.093198233366252,
      10.552457435512617,
      8.791889172485595,
      8.137547550427433,
      6.188928467597047,
      4.674923489686372,
      5.874916380591906,
      8.199606713389876,
      6.5117824588334265,
      8.868065600438147,
      9.62815010096084,
      10.41470716353257,
      9.84948442093272
    ],
    [
      9.765156794561914,
      9.568229335200298,
      7.841711600355067,
      12.253625760434092,
      8.809698722588676,
      10.499371059913868,
      9.362067599642451,
      8.610098370703392,
      3.6794103287678763,
      4.3778629673709855,
      5.10395559950039,
      6.005122662929446,
      7.461612723336004,
      8.899353446759621,
      9.76396327631937,
      9.22379711680948,
      10.521473435787989,
      8.053024676746558,
      9.336465112552961,
      6.501038370490451,
      9.989743541942788,
      9.802018921595263,
      10.03025622240016,
      7.2349653728344885
    ],
    [
      4.767681245010493,
      4.807566389736754,
      4.39009077309156,
      7.148418807072241,
      7.717827159133319,
      8.396576862884004,
      10.48961429262476,
      11.769659486666495,
      9.022597910987432,
      7.054330428350907,
      7.665779725810706,
      8.63951662758333,
      10.667637975090708,
      9.446649755956676,
      6.991328064751462,
      7.323419793089901,
      2.683678382490275,
      2.6356169632063797,
      1.687979611775912,
      4.408380113873346,
      7.204033170001826,
      7.972598548673376,
      8.79287758265383,
      8.658649434877308
    ],
    [
      11.735247834510913,
      8.17881375825933,
      9.062739168603732,
      8.484939707643656,
      7.22618473859069,
      7.9760928437405205,
      7.25396832740313,
      9.767698101811751,
      1.5423691888593554,
      2.282227343425883,
      2.829056826007723,
      4.6722985952772245,
      5.105214496235639,
      7.635246748654224,
      8.256356455680665,
      9.818524788819541,
      10.187239507854622,
      9.615043339113662,
      8.290447625833304,
      7.940813702685275,
      8.028549515646782,
      8.997420526656198,
      4.820939478753592,
      5.160711399616107
    ],
    [
      1.6626883586534353,
      2.5803419384698127,
      5.440435156986031,
      5.166845048448396,
      5.133886309175595,
      7.488915749407288,
      8.918837684771526,
      10.104846106242997,
      8.938043860015977,
      10.288000691227879,
      7.915699837644669,
      7.212854464892021,
      5.775763318320461,
      4.3808511190522115,
      5.327537265407153,
      2.997187803937037,
      3.881075942727718,
      3.1387964683137617,
      2.551308214446699,
      5.185358371972641,
      3.7443944655495325,
      7.240778515279337,
      7.365992748158529,
      12.71154054578125
    ],
    [
      11.07491846009242,
      8.582447852156331,
      6.764026639166873,
      9.758897185632694,
      8.0523353872723,
      3.232453332001529,
      5.781120402070723,
      3.079076495617312,
      2.662636322725171,
      2.3021382106297823,
      2.7112113768032824,
      3.4412893030036003,
      5.812638582213728,
      9.094711171615774,
      7.652117180533153,
      10.859898393554205,
      7.804290086315335,
      7.1159530977219285,
      8.505234707694877,
      4.704945521515245,
      6.298107332062061,
      4.066384407984956,
      3.009932543697958,
      5.8068488169205805
    ],
    [
      3.0624226271343695,
      3.0700482900154373,
      6.206306486059063,
      5.084837214053479,
      5.4407945922506915,
      6.455392224061223,
      7.488194410599923,
      8.139137144842193,
      7.871895290779843,
      8.479507995978624,
      6.136380106213251,
      5.718772607552874,
      4.989291545425678,
      2.792678118632697,
      2.6603759847795496,
      3.583100574392661,
      2.036115707857971,
      5.375392125143972,
      3.439595728191804,
      4.4511559815482125,
      9.522940067448392,
      6.3905454853925985,
      9.861301312898085,
      8.20665207121683
    ],
    [
      5.979907052959438,
      5.277654064384612,
      8.666317734754447,
      7.059367982555185,
      3.671424725571719,
      3.83876744557776,
      0.4223557610392553,
      1.433977049795572,
      1.9381315070421985,
      2.8277337806325624,
      3.16773867193846,
      6.238351272934316,
      5.91235045858854,
      7.855377697786336,
      7.985376929399664,
      6.4124406366232325,
      8.800951640852132,
      6.852556339980722,
      6.930249602386119,
      4.804102998327794,
      4.536308453895731,
      7.5015559316073706,
      2.013439946239879,
      2.2787979632455753
    ],
    [
      3.454549129193063,
      1.7695238876932895,
      6.068625368918905,
      7.152277537376538,
      6.931621017756899,
      6.095720333121413,
      7.7031879973569035,
      6.964318245752894,
      5.074946031045123,
      5.183599004369289,
      7.314665766056894,
      3.648070219817984,
      2.5527046450954964,
      2.7311112399364825,
      1.4282454519509524,
      1.5837791210703864,
      2.0457862369405038,
      3.1705565192258556,
      5.173118375225457,
      4.359275844655067,
      8.41702968953263,
      6.334829405220797,
