{
  "Na": 88,
  "Np": 16,
  "Nt": 6,
  "T": [
    1,
    2,
    4,
    8,
    12,
    24
  ],
  "PersonID": [
    1,
    1,
    1,
    1,
    2,
    2,
    2,
    2,
    2,
    3,
    3,
    3,
    4,
    4,
    4,
    4,
    4,
    4,
    5,
    5,
    5,
    5,
    5,
    5,
    6,
    6,
    6,
    6,
    6,
    6,
    7,
    7,
    7,
    7,
    7,
    7,
    8,
    8,
    8,
    8,
    8,
    8,
    9,
    9,
    9,
    9,
    9,
    9,
    10,
    10,
    10,
    10,
    10,
    10,
    11,
    11,
    11,
    11,
    11,
    11,
    12,
    12,
    12,
    12,
    12,
    12,
    13,
    13,
    13,
    13,
    13,
    13,
    14,
    14,
    14,
    14,
    14,
    14,
    15,
    15,
    15,
    15,
    15,
    15,
    16,
    16,
    16,
    16
  ],
  "TimeID": [
    1,
    3,
    4,
    5,
    2,
    3,
    4,
    5,
    6,
    1,
    2,
    3,
    1,
    2,
    3,
    4,
    5,
    6,
    1,
    2,
    3,
    4,
    5,
    6,
    1,
    2,
    3,
    4,
    5,
    6,
    1,
    2,
    3,
    4,
    5,
    6,
    1,
    2,
    3,
    4,
    5,
    6,
    1,
    2,
    3,
    4,
    5,
    6,
    1,
    2,
    3,
    4,
    5,
    6,
    1,
    2,
    3,
    4,
    5,
    6,
    1,
    2,
    3,
    4,
    5,
    6,
    1,
    2,
    3,
    4,
    5,
    6,
    1,
    2,
    3,
    4,
    5,
    6,
    1,
    2,
    3,
    4,
    5,
    6,
    1,
    4,
    5,
    6
  ],
  "Y": [
    2.4,
    7.5,
    11.9,
    12.5,
    3.9,
    4.4,
    7.7,
    6.4,
    8.3,
    5.2,
    9.4,
    19.4,
    6.7,
    12.6,
    19.1,
    23.4,
    25.8,
    26.1,
    0.3,
    4.7,
    7.0,
    10.2,
    12.9,
    14.8,
    6.3,
    3.8,
    11.8,
    9.2,
    13.9,
    18.2,
    3.0,
    4.2,
    8.8,
    15.4,
    10.7,
    16.2,
    6.2,
    6.8,
    9.4,
    11.3,
    12.4,
    14.7,
    14.4,
    17.0,
    22.7,
    29.8,
    33.0,
    32.2,
    7.7,
    10.0,
    14.8,
    15.3,
    18.0,
    18.7,
    8.8,
    11.3,
    13.3,
    19.2,
    17.4,
    21.8,
    6.8,
    12.6,
    13.4,
    14.9,
    16.8,
    16.0,
    0.7,
    4.6,
    5.1,
    9.9,
    11.4,
    11.2,
    5.8,
    9.4,
    14.3,
    23.1,
    22.9,
    25.2,
    1.8,
    7.9,
    13.2,
    15.6,
    16.5,
    15.9,
    14.3,
    31.9,
    31.9,
    30.6
  ],
  "new_T": 60,
  "new_Time": [
    0.0,
    0.4067796610169492,
    0.8135593220338984,
    1.2203389830508475,
    1.6271186440677967,
    2.0338983050847457,
    2.440677966101695,
    2.8474576271186445,
    3.2542372881355934,
    3.6610169491525424,
    4.067796610169491,
    4.474576271186441,
    4.88135593220339,
    5.288135593220339,
    5.694915254237289,
    6.101694915254238,
    6.508474576271187,
    6.915254237288136,
    7.322033898305085,
    7.728813559322035,
    8.135593220338983,
    8.542372881355933,
    8.949152542372882,
    9.35593220338983,
    9.76271186440678,
    10.16949152542373,
    10.576271186440678,
    10.983050847457628,
    11.389830508474578,
    11.796610169491526,
    12.203389830508476,
    12.610169491525424,
    13.016949152542374,
    13.423728813559324,
    13.830508474576272,
    14.237288135593221,
    14.64406779661017,
    15.05084745762712,
    15.45762711864407,
    15.864406779661017,
    16.271186440677965,
    16.677966101694917,
    17.084745762711865,
    17.491525423728813,
    17.898305084745765,
    18.305084745762713,
    18.71186440677966,
    19.118644067796613,
    19.52542372881356,
    19.93220338983051,
    20.33898305084746,
    20.74576271186441,
    21.152542372881356,
    21.559322033898308,
    21.966101694915256,
    22.372881355932204,
    22.779661016949156,
    23.186440677966104,
    23.593220338983052,
    24.0
  ]
}