{
  "N": 16,
  "X": [
    15.42555011756435,
    23.00811233605395,
    5.002859370433622,
    12.558314315795993,
    8.668897270427827,
    7.308464869219945,
    9.656505284441772,
    13.639018176076194,
    14.919186855766748,
    18.470418350083925,
    15.47986286008237,
    22.130487509918986,
    10.111306243287935,
    26.952935909773636,
    5.684689829948154,
    21.761687754460056
  ],
  "T": [
    170.91013144599378,
    160.6755988210787,
    129.0020661595593,
    159.70139551516579,
    155.46058905130482,
    140.56134368976277,
    153.6546638464023,
    159.42939554436282,
    164.70423897519058,
    169.64527573793092,
    160.7125752203128,
    173.287098546142,
    159.3119324882852,
    171.51757345093813,
    138.95704330297028,
    165.87440739501966
  ],
  "new_X": 60,
  "X_new": [
    0.0,
    0.5084745762711864,
    1.0169491525423728,
    1.5254237288135593,
    2.0338983050847457,
    2.542372881355932,
    3.0508474576271185,
    3.559322033898305,
    4.067796610169491,
    4.576271186440678,
    5.084745762711864,
    5.59322033898305,
    6.101694915254237,
    6.610169491525424,
    7.11864406779661,
    7.627118644067796,
    8.135593220338983,
    8.64406779661017,
    9.152542372881356,
    9.661016949152541,
    10.169491525423728,
    10.677966101694915,
    11.1864406779661,
    11.694915254237287,
    12.203389830508474,
    12.711864406779661,
    13.220338983050848,
    13.728813559322033,
    14.23728813559322,
    14.745762711864407,
    15.254237288135592,
    15.762711864406779,
    16.271186440677965,
    16.779661016949152,
    17.28813559322034,
    17.796610169491526,
    18.305084745762713,
    18.813559322033896,
    19.322033898305083,
    19.83050847457627,
    20.338983050847457,
    20.847457627118644,
    21.35593220338983,
    21.864406779661017,
    22.3728813559322,
    22.881355932203387,
    23.389830508474574,
    23.89830508474576,
    24.406779661016948,
    24.915254237288135,
    25.423728813559322,
    25.93220338983051,
    26.440677966101696,
    26.94915254237288,
    27.457627118644066,
    27.966101694915253,
    28.47457627118644,
    28.983050847457626,
    29.491525423728813,
    30.0
  ]
}